gene	week	count	mean	mean_std	median	sum	min	max
gene1	week1	4	40.025	114.8100315013167	18.5	160.1	0.1	123.0
gene1	week2	4	17.4825	43.415531399104935	12.035	69.93	0.3	45.56
gene2	week1	4	52.058825	145.30476610933997	25.5	208.2353	0.3453	156.89
gene2	week2	4	23.285075	54.92445048813263	17.745150000000002	93.1403	0.76	56.89
gene3	week1	4	99.30599999999998	305.3126224533361	36.495	397.22399999999993	0.454	323.78
gene3	week2	4	65.94575	226.2094915331067	14.1745	263.783	0.454	234.98
gene4	week1	4	24.64165	57.73957308086023	18.5633	98.5666	0.44	61.0
gene4	week2	4	40.41415	115.57452546687497	18.7183	161.6566	0.44	123.78
